quiz_id,quiz_title,question_id,question_text,choice_id,choice_text,is_correct
1,Sample Quiz,1,What is 2+2?,1,3,False
1,Sample Quiz,1,What is 2+2?,2,4,True
2,Math Basics,2,What is 5 + 7?,3,10,False
2,Math Basics,2,What is 5 + 7?,4,12,True
2,Math Basics,2,What is 5 + 7?,5,13,False
2,Math Basics,3,What is 9 - 4?,6,5,True
2,Math Basics,3,What is 9 - 4?,7,6,False
2,Math Basics,3,What is 9 - 4?,8,7,False
2,Math Basics,4,What is 3 * 4?,9,7,False
2,Math Basics,4,What is 3 * 4?,10,12,True
2,Math Basics,4,What is 3 * 4?,11,14,False
3,General Knowledge,5,What is the capital of France?,12,Berlin,False
3,General Knowledge,5,What is the capital of France?,13,Madrid,False
3,General Knowledge,5,What is the capital of France?,14,Paris,True
3,General Knowledge,6,Which planet is known as the Red Planet?,15,Earth,False
3,General Knowledge,6,Which planet is known as the Red Planet?,16,Mars,True
3,General Knowledge,6,Which planet is known as the Red Planet?,17,Jupiter,False
3,General Knowledge,7,How many continents are there?,18,5,False
3,General Knowledge,7,How many continents are there?,19,6,False
3,General Knowledge,7,How many continents are there?,20,7,True
4,Science Basics,8,Water boils at what temperature (C)?,21,90,False
4,Science Basics,8,Water boils at what temperature (C)?,22,100,True
4,Science Basics,8,Water boils at what temperature (C)?,23,110,False
4,Science Basics,9,What gas do plants absorb?,24,Oxygen,False
4,Science Basics,9,What gas do plants absorb?,25,Carbon Dioxide,True
4,Science Basics,9,What gas do plants absorb?,26,Nitrogen,False
4,Science Basics,10,What is H2O?,27,Hydrogen,False
4,Science Basics,10,What is H2O?,28,Oxygen,False
4,Science Basics,10,What is H2O?,29,Water,True
5,Kannada Basics,11,ಕನ್ನಡದ ರಾಜ್ಯಭಾಷೆ ಯಾವುದು?,30,ಕನ್ನಡ,True
5,Kannada Basics,11,ಕನ್ನಡದ ರಾಜ್ಯಭಾಷೆ ಯಾವುದು?,31,ತೆಲುಗು,False
5,Kannada Basics,11,ಕನ್ನಡದ ರಾಜ್ಯಭಾಷೆ ಯಾವುದು?,32,ಹಿಂದಿ,False
5,Kannada Basics,12,ಕಾಳಿದಾಸನು ಯಾವ ಭಾಷೆಯಲ್ಲಿ ಕೃತಿ ಟೀಟಿದನು?,33,ಕನ್ನಡ,False
5,Kannada Basics,12,ಕಾಳಿದಾಸನು ಯಾವ ಭಾಷೆಯಲ್ಲಿ ಕೃತಿ ಟೀಟಿದನು?,34,ಸಂಸ್ಕೃತ,True
5,Kannada Basics,12,ಕಾಳಿದಾಸನು ಯಾವ ಭಾಷೆಯಲ್ಲಿ ಕೃತಿ ಟೀಟಿದನು?,35,ತಮಿಳು,False
5,Kannada Basics,13,ಬೆಂಗಳೂರು ಯಾವ ರಾಜ್ಯದಲ್ಲಿದೆ?,36,ಕೇರಳ,False
5,Kannada Basics,13,ಬೆಂಗಳೂರು ಯಾವ ರಾಜ್ಯದಲ್ಲಿದೆ?,37,ಕರ್ನಾಟಕ,True
5,Kannada Basics,13,ಬೆಂಗಳೂರು ಯಾವ ರಾಜ್ಯದಲ್ಲಿದೆ?,38,ತಮಿಳುನಾಡು,False
6,Kannada Vocabulary,14,"""ಹನುಮ"" ಎಂದರೆ?",39,ಹಣ್ಣು,False
6,Kannada Vocabulary,14,"""ಹನುಮ"" ಎಂದರೆ?",40,ಮಂಗ,False
6,Kannada Vocabulary,14,"""ಹನುಮ"" ಎಂದರೆ?",41,ಹುಟ್ಟು,False
6,Kannada Vocabulary,15,"""ನಮಸ್ಕಾರ"" ಯಾವ ರೀತಿಯ ಶಬ್ದ?",42,ಅಭಿವಾದನೆ,True
6,Kannada Vocabulary,15,"""ನಮಸ್ಕಾರ"" ಯಾವ ರೀತಿಯ ಶಬ್ದ?",43,ಪ್ರಶ್ನೆ,False
6,Kannada Vocabulary,15,"""ನಮಸ್ಕಾರ"" ಯಾವ ರೀತಿಯ ಶಬ್ದ?",44,ನಾಮ,False
6,Kannada Vocabulary,16,"""ಗುರು"" ಎಂಬ ಪದದ ಅರ್ಥ?",45,ಶಿಕ್ಷಕ,True
6,Kannada Vocabulary,16,"""ಗುರು"" ಎಂಬ ಪದದ ಅರ್ಥ?",46,ವಿದ್ಯಾರ್ಥಿ,False
6,Kannada Vocabulary,16,"""ಗುರು"" ಎಂಬ ಪದದ ಅರ್ಥ?",47,ವೃತ್ತಿ,False
7,Kannada Culture,17,ಯಕ್ಷಗಾನ ವಿಶೇಷತೆ ಯಾವುದು?,48,ನವ್ಲಿ ನೃತ್ಯ,False
7,Kannada Culture,17,ಯಕ್ಷಗಾನ ವಿಶೇಷತೆ ಯಾವುದು?,49,ವೇಷಭೂಷಣ ಮತ್ತು ನಾಟಕ,True
7,Kannada Culture,17,ಯಕ್ಷಗಾನ ವಿಶೇಷತೆ ಯಾವುದು?,50,ಸಹಜ ಸಂಗೀತ,False
7,Kannada Culture,18,ಪುಣ್ಯಕ್ಷೇತ್ರ ಮಾಧ್ಯಮ ಯಾವುದು?,51,ಹಬ್ಬ,False
7,Kannada Culture,18,ಪುಣ್ಯಕ್ಷೇತ್ರ ಮಾಧ್ಯಮ ಯಾವುದು?,52,ರಾಜಕೀಯ,False
7,Kannada Culture,18,ಪುಣ್ಯಕ್ಷೇತ್ರ ಮಾಧ್ಯಮ ಯಾವುದು?,53,ಅದ್ರವ್ಯ,False
7,Kannada Culture,19,ವೀರಶೈವರು ಮುಖ್ಯವಾಗಿ ಯಾವ ಭಾಗದಲ್ಲಿ ಪ್ರಕರಣವಾಗಿದ್ದಾರೆ?,54,ಧಾರ್ಮಿಕ ಚಿಂತನೆಯಲ್ಲಿ,True
7,Kannada Culture,19,ವೀರಶೈವರು ಮುಖ್ಯವಾಗಿ ಯಾವ ಭಾಗದಲ್ಲಿ ಪ್ರಕರಣವಾಗಿದ್ದಾರೆ?,55,ಕ್ರೀಡೆ,False
7,Kannada Culture,19,ವೀರಶೈವರು ಮುಖ್ಯವಾಗಿ ಯಾವ ಭಾಗದಲ್ಲಿ ಪ್ರಕರಣವಾಗಿದ್ದಾರೆ?,56,ವಾಣಿಜ್ಯ,False
8,Exam Prep - Mathematics,20,What is the value of 2^5?,57,32,True
8,Exam Prep - Mathematics,20,What is the value of 2^5?,58,16,False
8,Exam Prep - Mathematics,20,What is the value of 2^5?,59,8,False
8,Exam Prep - Mathematics,21,Solve for x: 2x + 3 = 11,60,4,True
8,Exam Prep - Mathematics,21,Solve for x: 2x + 3 = 11,61,3,False
8,Exam Prep - Mathematics,21,Solve for x: 2x + 3 = 11,62,5,False
8,Exam Prep - Mathematics,22,"If a triangle has angles 30 and 60, the third angle is?",63,90,True
8,Exam Prep - Mathematics,22,"If a triangle has angles 30 and 60, the third angle is?",64,120,False
8,Exam Prep - Mathematics,22,"If a triangle has angles 30 and 60, the third angle is?",65,45,False
9,Exam Prep - English,23,Choose the correct sentence:,66,She don't like it.,False
9,Exam Prep - English,23,Choose the correct sentence:,67,She doesn't like it.,True
9,Exam Prep - English,23,Choose the correct sentence:,68,She not likes it.,False
9,Exam Prep - English,24,"Synonym of ""rapid""",69,slow,False
9,Exam Prep - English,24,"Synonym of ""rapid""",70,quick,True
9,Exam Prep - English,24,"Synonym of ""rapid""",71,lazy,False
9,Exam Prep - English,25,Fill the blank: He is ____ engineer.,72,a,True
9,Exam Prep - English,25,Fill the blank: He is ____ engineer.,73,an,False
9,Exam Prep - English,25,Fill the blank: He is ____ engineer.,74,the,False
10,Exam Prep - Science,26,Which is a renewable energy source?,75,Coal,False
10,Exam Prep - Science,26,Which is a renewable energy source?,76,Solar,True
10,Exam Prep - Science,26,Which is a renewable energy source?,77,Petrol,False
10,Exam Prep - Science,27,The chemical symbol for Sodium is?,78,Na,True
10,Exam Prep - Science,27,The chemical symbol for Sodium is?,79,S,False
10,Exam Prep - Science,27,The chemical symbol for Sodium is?,80,So,False
10,Exam Prep - Science,28,Force is measured in?,81,Watts,False
10,Exam Prep - Science,28,Force is measured in?,82,Newtons,True
10,Exam Prep - Science,28,Force is measured in?,83,Joules,False
11,Start Quiz,29,What is the capital of India?,84,Mumbai,False
11,Start Quiz,29,What is the capital of India?,85,New Delhi,True
11,Start Quiz,29,What is the capital of India?,86,Kolkata,False
11,Start Quiz,29,What is the capital of India?,87,Chennai,False
11,Start Quiz,30,Which number is prime?,88,4,False
11,Start Quiz,30,Which number is prime?,89,6,False
11,Start Quiz,30,Which number is prime?,90,13,True
11,Start Quiz,30,Which number is prime?,91,9,False
11,Start Quiz,31,What is 7 + 8?,92,14,False
11,Start Quiz,31,What is 7 + 8?,93,15,True
11,Start Quiz,31,What is 7 + 8?,94,16,False
11,Start Quiz,31,What is 7 + 8?,95,13,False
11,Start Quiz,32,Which planet is known as the Red Planet?,96,Venus,False
11,Start Quiz,32,Which planet is known as the Red Planet?,97,Mars,True
11,Start Quiz,32,Which planet is known as the Red Planet?,98,Jupiter,False
11,Start Quiz,32,Which planet is known as the Red Planet?,99,Saturn,False
11,Start Quiz,33,What is H2O commonly known as?,100,Hydrogen,False
11,Start Quiz,33,What is H2O commonly known as?,101,Oxygen,False
11,Start Quiz,33,What is H2O commonly known as?,102,Water,True
11,Start Quiz,33,What is H2O commonly known as?,103,Helium,False
11,Start Quiz,34,Which language is used to style web pages?,104,HTML,False
11,Start Quiz,34,Which language is used to style web pages?,105,Python,False
11,Start Quiz,34,Which language is used to style web pages?,106,CSS,True
11,Start Quiz,34,Which language is used to style web pages?,107,SQL,False
11,Start Quiz,35,Who wrote 'Romeo and Juliet'?,108,Charles Dickens,False
11,Start Quiz,35,Who wrote 'Romeo and Juliet'?,109,William Shakespeare,True
11,Start Quiz,35,Who wrote 'Romeo and Juliet'?,110,Mark Twain,False
11,Start Quiz,35,Who wrote 'Romeo and Juliet'?,111,Leo Tolstoy,False
11,Start Quiz,36,What is the boiling point of water at sea level (°C)?,112,90,False
11,Start Quiz,36,What is the boiling point of water at sea level (°C)?,113,100,True
11,Start Quiz,36,What is the boiling point of water at sea level (°C)?,114,120,False
11,Start Quiz,36,What is the boiling point of water at sea level (°C)?,115,80,False
11,Start Quiz,37,Which organ pumps blood through the body?,116,Lungs,False
11,Start Quiz,37,Which organ pumps blood through the body?,117,Kidney,False
11,Start Quiz,37,Which organ pumps blood through the body?,118,Heart,True
11,Start Quiz,37,Which organ pumps blood through the body?,119,Liver,False
11,Start Quiz,38,Which gas do plants absorb from the atmosphere?,120,Oxygen,False
11,Start Quiz,38,Which gas do plants absorb from the atmosphere?,121,Carbon Dioxide,True
11,Start Quiz,38,Which gas do plants absorb from the atmosphere?,122,Nitrogen,False
11,Start Quiz,38,Which gas do plants absorb from the atmosphere?,123,Hydrogen,False
11,Start Quiz,39,How many colours are there in a rainbow?,124,Five,False
11,Start Quiz,39,How many colours are there in a rainbow?,125,Six,False
11,Start Quiz,39,How many colours are there in a rainbow?,126,Seven,True
11,Start Quiz,39,How many colours are there in a rainbow?,127,Eight,False
11,Start Quiz,40,Who was the first Prime Minister of India?,128,Mahatma Gandhi,False
11,Start Quiz,40,Who was the first Prime Minister of India?,129,Jawaharlal Nehru,True
11,Start Quiz,40,Who was the first Prime Minister of India?,130,Sardar Vallabhbhai Patel,False
11,Start Quiz,40,Who was the first Prime Minister of India?,131,Indira Gandhi,False
11,Start Quiz,41,Which is the largest mammal on Earth?,132,Elephant,False
11,Start Quiz,41,Which is the largest mammal on Earth?,133,Blue Whale,True
11,Start Quiz,41,Which is the largest mammal on Earth?,134,Giraffe,False
11,Start Quiz,41,Which is the largest mammal on Earth?,135,Orca,False
