[
  {
    "id": 1,
    "title": "Sample Quiz",
    "description": "Demo quiz",
    "time_limit": 5,
    "questions": [
      {
        "id": 1,
        "text": "What is 2+2?",
        "choices": [
          {
            "id": 1,
            "text": "3",
            "is_correct": false
          },
          {
            "id": 2,
            "text": "4",
            "is_correct": true
          }
        ]
      }
    ]
  },
  {
    "id": 2,
    "title": "Math Basics",
    "description": "Simple arithmetic questions",
    "time_limit": 10,
    "questions": [
      {
        "id": 2,
        "text": "What is 5 + 7?",
        "choices": [
          {
            "id": 3,
            "text": "10",
            "is_correct": false
          },
          {
            "id": 4,
            "text": "12",
            "is_correct": true
          },
          {
            "id": 5,
            "text": "13",
            "is_correct": false
          }
        ]
      },
      {
        "id": 3,
        "text": "What is 9 - 4?",
        "choices": [
          {
            "id": 6,
            "text": "5",
            "is_correct": true
          },
          {
            "id": 7,
            "text": "6",
            "is_correct": false
          },
          {
            "id": 8,
            "text": "7",
            "is_correct": false
          }
        ]
      },
      {
        "id": 4,
        "text": "What is 3 * 4?",
        "choices": [
          {
            "id": 9,
            "text": "7",
            "is_correct": false
          },
          {
            "id": 10,
            "text": "12",
            "is_correct": true
          },
          {
            "id": 11,
            "text": "14",
            "is_correct": false
          }
        ]
      }
    ]
  },
  {
    "id": 3,
    "title": "General Knowledge",
    "description": "Short GK quiz",
    "time_limit": 7,
    "questions": [
      {
        "id": 5,
        "text": "What is the capital of France?",
        "choices": [
          {
            "id": 12,
            "text": "Berlin",
            "is_correct": false
          },
          {
            "id": 13,
            "text": "Madrid",
            "is_correct": false
          },
          {
            "id": 14,
            "text": "Paris",
            "is_correct": true
          }
        ]
      },
      {
        "id": 6,
        "text": "Which planet is known as the Red Planet?",
        "choices": [
          {
            "id": 15,
            "text": "Earth",
            "is_correct": false
          },
          {
            "id": 16,
            "text": "Mars",
            "is_correct": true
          },
          {
            "id": 17,
            "text": "Jupiter",
            "is_correct": false
          }
        ]
      },
      {
        "id": 7,
        "text": "How many continents are there?",
        "choices": [
          {
            "id": 18,
            "text": "5",
            "is_correct": false
          },
          {
            "id": 19,
            "text": "6",
            "is_correct": false
          },
          {
            "id": 20,
            "text": "7",
            "is_correct": true
          }
        ]
      }
    ]
  },
  {
    "id": 4,
    "title": "Science Basics",
    "description": "Basic science questions",
    "time_limit": 8,
    "questions": [
      {
        "id": 8,
        "text": "Water boils at what temperature (C)?",
        "choices": [
          {
            "id": 21,
            "text": "90",
            "is_correct": false
          },
          {
            "id": 22,
            "text": "100",
            "is_correct": true
          },
          {
            "id": 23,
            "text": "110",
            "is_correct": false
          }
        ]
      },
      {
        "id": 9,
        "text": "What gas do plants absorb?",
        "choices": [
          {
            "id": 24,
            "text": "Oxygen",
            "is_correct": false
          },
          {
            "id": 25,
            "text": "Carbon Dioxide",
            "is_correct": true
          },
          {
            "id": 26,
            "text": "Nitrogen",
            "is_correct": false
          }
        ]
      },
      {
        "id": 10,
        "text": "What is H2O?",
        "choices": [
          {
            "id": 27,
            "text": "Hydrogen",
            "is_correct": false
          },
          {
            "id": 28,
            "text": "Oxygen",
            "is_correct": false
          },
          {
            "id": 29,
            "text": "Water",
            "is_correct": true
          }
        ]
      }
    ]
  },
  {
    "id": 5,
    "title": "Kannada Basics",
    "description": "ಕನ್ನಡ ಮೂಲಾತ್ಮಕ ಪ್ರಶ್ನೆಗಳು",
    "time_limit": 10,
    "questions": [
      {
        "id": 11,
        "text": "ಕನ್ನಡದ ರಾಜ್ಯಭಾಷೆ ಯಾವುದು?",
        "choices": [
          {
            "id": 30,
            "text": "ಕನ್ನಡ",
            "is_correct": true
          },
          {
            "id": 31,
            "text": "ತೆಲುಗು",
            "is_correct": false
          },
          {
            "id": 32,
            "text": "ಹಿಂದಿ",
            "is_correct": false
          }
        ]
      },
      {
        "id": 12,
        "text": "ಕಾಳಿದಾಸನು ಯಾವ ಭಾಷೆಯಲ್ಲಿ ಕೃತಿ ಟೀಟಿದನು?",
        "choices": [
          {
            "id": 33,
            "text": "ಕನ್ನಡ",
            "is_correct": false
          },
          {
            "id": 34,
            "text": "ಸಂಸ್ಕೃತ",
            "is_correct": true
          },
          {
            "id": 35,
            "text": "ತಮಿಳು",
            "is_correct": false
          }
        ]
      },
      {
        "id": 13,
        "text": "ಬೆಂಗಳೂರು ಯಾವ ರಾಜ್ಯದಲ್ಲಿದೆ?",
        "choices": [
          {
            "id": 36,
            "text": "ಕೇರಳ",
            "is_correct": false
          },
          {
            "id": 37,
            "text": "ಕರ್ನಾಟಕ",
            "is_correct": true
          },
          {
            "id": 38,
            "text": "ತಮಿಳುನಾಡು",
            "is_correct": false
          }
        ]
      }
    ]
  },
  {
    "id": 6,
    "title": "Kannada Vocabulary",
    "description": "ಪದಗಳ ಅರ್ಥಗಳನ್ನು ಪರೀಕ್ಷಿಸುವ ಪರೀಕ್ಷೆ",
    "time_limit": 7,
    "questions": [
      {
        "id": 14,
        "text": "\"ಹನುಮ\" ಎಂದರೆ?",
        "choices": [
          {
            "id": 39,
            "text": "ಹಣ್ಣು",
            "is_correct": false
          },
          {
            "id": 40,
            "text": "ಮಂಗ",
            "is_correct": false
          },
          {
            "id": 41,
            "text": "ಹುಟ್ಟು",
            "is_correct": false
          }
        ]
      },
      {
        "id": 15,
        "text": "\"ನಮಸ್ಕಾರ\" ಯಾವ ರೀತಿಯ ಶಬ್ದ?",
        "choices": [
          {
            "id": 42,
            "text": "ಅಭಿವಾದನೆ",
            "is_correct": true
          },
          {
            "id": 43,
            "text": "ಪ್ರಶ್ನೆ",
            "is_correct": false
          },
          {
            "id": 44,
            "text": "ನಾಮ",
            "is_correct": false
          }
        ]
      },
      {
        "id": 16,
        "text": "\"ಗುರು\" ಎಂಬ ಪದದ ಅರ್ಥ?",
        "choices": [
          {
            "id": 45,
            "text": "ಶಿಕ್ಷಕ",
            "is_correct": true
          },
          {
            "id": 46,
            "text": "ವಿದ್ಯಾರ್ಥಿ",
            "is_correct": false
          },
          {
            "id": 47,
            "text": "ವೃತ್ತಿ",
            "is_correct": false
          }
        ]
      }
    ]
  },
  {
    "id": 7,
    "title": "Kannada Culture",
    "description": "ಕನ್ನಡ ಸಂಸ್ಕೃತಿ ಸಂಬಂಧಿತ ಪ್ರಶ್ನೆಗಳು",
    "time_limit": 8,
    "questions": [
      {
        "id": 17,
        "text": "ಯಕ್ಷಗಾನ ವಿಶೇಷತೆ ಯಾವುದು?",
        "choices": [
          {
            "id": 48,
            "text": "ನವ್ಲಿ ನೃತ್ಯ",
            "is_correct": false
          },
          {
            "id": 49,
            "text": "ವೇಷಭೂಷಣ ಮತ್ತು ನಾಟಕ",
            "is_correct": true
          },
          {
            "id": 50,
            "text": "ಸಹಜ ಸಂಗೀತ",
            "is_correct": false
          }
        ]
      },
      {
        "id": 18,
        "text": "ಪುಣ್ಯಕ್ಷೇತ್ರ ಮಾಧ್ಯಮ ಯಾವುದು?",
        "choices": [
          {
            "id": 51,
            "text": "ಹಬ್ಬ",
            "is_correct": false
          },
          {
            "id": 52,
            "text": "ರಾಜಕೀಯ",
            "is_correct": false
          },
          {
            "id": 53,
            "text": "ಅದ್ರವ್ಯ",
            "is_correct": false
          }
        ]
      },
      {
        "id": 19,
        "text": "ವೀರಶೈವರು ಮುಖ್ಯವಾಗಿ ಯಾವ ಭಾಗದಲ್ಲಿ ಪ್ರಕರಣವಾಗಿದ್ದಾರೆ?",
        "choices": [
          {
            "id": 54,
            "text": "ಧಾರ್ಮಿಕ ಚಿಂತನೆಯಲ್ಲಿ",
            "is_correct": true
          },
          {
            "id": 55,
            "text": "ಕ್ರೀಡೆ",
            "is_correct": false
          },
          {
            "id": 56,
            "text": "ವಾಣಿಜ್ಯ",
            "is_correct": false
          }
        ]
      }
    ]
  },
  {
    "id": 8,
    "title": "Exam Prep - Mathematics",
    "description": "Important topics for competitive exams",
    "time_limit": 20,
    "questions": [
      {
        "id": 20,
        "text": "What is the value of 2^5?",
        "choices": [
          {
            "id": 57,
            "text": "32",
            "is_correct": true
          },
          {
            "id": 58,
            "text": "16",
            "is_correct": false
          },
          {
            "id": 59,
            "text": "8",
            "is_correct": false
          }
        ]
      },
      {
        "id": 21,
        "text": "Solve for x: 2x + 3 = 11",
        "choices": [
          {
            "id": 60,
            "text": "4",
            "is_correct": true
          },
          {
            "id": 61,
            "text": "3",
            "is_correct": false
          },
          {
            "id": 62,
            "text": "5",
            "is_correct": false
          }
        ]
      },
      {
        "id": 22,
        "text": "If a triangle has angles 30 and 60, the third angle is?",
        "choices": [
          {
            "id": 63,
            "text": "90",
            "is_correct": true
          },
          {
            "id": 64,
            "text": "120",
            "is_correct": false
          },
          {
            "id": 65,
            "text": "45",
            "is_correct": false
          }
        ]
      }
    ]
  },
  {
    "id": 9,
    "title": "Exam Prep - English",
    "description": "Grammar and vocabulary questions for exams",
    "time_limit": 15,
    "questions": [
      {
        "id": 23,
        "text": "Choose the correct sentence:",
        "choices": [
          {
            "id": 66,
            "text": "She don't like it.",
            "is_correct": false
          },
          {
            "id": 67,
            "text": "She doesn't like it.",
            "is_correct": true
          },
          {
            "id": 68,
            "text": "She not likes it.",
            "is_correct": false
          }
        ]
      },
      {
        "id": 24,
        "text": "Synonym of \"rapid\"",
        "choices": [
          {
            "id": 69,
            "text": "slow",
            "is_correct": false
          },
          {
            "id": 70,
            "text": "quick",
            "is_correct": true
          },
          {
            "id": 71,
            "text": "lazy",
            "is_correct": false
          }
        ]
      },
      {
        "id": 25,
        "text": "Fill the blank: He is ____ engineer.",
        "choices": [
          {
            "id": 72,
            "text": "a",
            "is_correct": true
          },
          {
            "id": 73,
            "text": "an",
            "is_correct": false
          },
          {
            "id": 74,
            "text": "the",
            "is_correct": false
          }
        ]
      }
    ]
  },
  {
    "id": 10,
    "title": "Exam Prep - Science",
    "description": "Basic science concepts often seen in exams",
    "time_limit": 18,
    "questions": [
      {
        "id": 26,
        "text": "Which is a renewable energy source?",
        "choices": [
          {
            "id": 75,
            "text": "Coal",
            "is_correct": false
          },
          {
            "id": 76,
            "text": "Solar",
            "is_correct": true
          },
          {
            "id": 77,
            "text": "Petrol",
            "is_correct": false
          }
        ]
      },
      {
        "id": 27,
        "text": "The chemical symbol for Sodium is?",
        "choices": [
          {
            "id": 78,
            "text": "Na",
            "is_correct": true
          },
          {
            "id": 79,
            "text": "S",
            "is_correct": false
          },
          {
            "id": 80,
            "text": "So",
            "is_correct": false
          }
        ]
      },
      {
        "id": 28,
        "text": "Force is measured in?",
        "choices": [
          {
            "id": 81,
            "text": "Watts",
            "is_correct": false
          },
          {
            "id": 82,
            "text": "Newtons",
            "is_correct": true
          },
          {
            "id": 83,
            "text": "Joules",
            "is_correct": false
          }
        ]
      }
    ]
  },
  {
    "id": 11,
    "title": "Start Quiz",
    "description": "10-question starter quiz with 4 options each",
    "time_limit": 15,
    "questions": [
      {
        "id": 29,
        "text": "What is the capital of India?",
        "choices": [
          {
            "id": 84,
            "text": "Mumbai",
            "is_correct": false
          },
          {
            "id": 85,
            "text": "New Delhi",
            "is_correct": true
          },
          {
            "id": 86,
            "text": "Kolkata",
            "is_correct": false
          },
          {
            "id": 87,
            "text": "Chennai",
            "is_correct": false
          }
        ]
      },
      {
        "id": 30,
        "text": "Which number is prime?",
        "choices": [
          {
            "id": 88,
            "text": "4",
            "is_correct": false
          },
          {
            "id": 89,
            "text": "6",
            "is_correct": false
          },
          {
            "id": 90,
            "text": "13",
            "is_correct": true
          },
          {
            "id": 91,
            "text": "9",
            "is_correct": false
          }
        ]
      },
      {
        "id": 31,
        "text": "What is 7 + 8?",
        "choices": [
          {
            "id": 92,
            "text": "14",
            "is_correct": false
          },
          {
            "id": 93,
            "text": "15",
            "is_correct": true
          },
          {
            "id": 94,
            "text": "16",
            "is_correct": false
          },
          {
            "id": 95,
            "text": "13",
            "is_correct": false
          }
        ]
      },
      {
        "id": 32,
        "text": "Which planet is known as the Red Planet?",
        "choices": [
          {
            "id": 96,
            "text": "Venus",
            "is_correct": false
          },
          {
            "id": 97,
            "text": "Mars",
            "is_correct": true
          },
          {
            "id": 98,
            "text": "Jupiter",
            "is_correct": false
          },
          {
            "id": 99,
            "text": "Saturn",
            "is_correct": false
          }
        ]
      },
      {
        "id": 33,
        "text": "What is H2O commonly known as?",
        "choices": [
          {
            "id": 100,
            "text": "Hydrogen",
            "is_correct": false
          },
          {
            "id": 101,
            "text": "Oxygen",
            "is_correct": false
          },
          {
            "id": 102,
            "text": "Water",
            "is_correct": true
          },
          {
            "id": 103,
            "text": "Helium",
            "is_correct": false
          }
        ]
      },
      {
        "id": 34,
        "text": "Which language is used to style web pages?",
        "choices": [
          {
            "id": 104,
            "text": "HTML",
            "is_correct": false
          },
          {
            "id": 105,
            "text": "Python",
            "is_correct": false
          },
          {
            "id": 106,
            "text": "CSS",
            "is_correct": true
          },
          {
            "id": 107,
            "text": "SQL",
            "is_correct": false
          }
        ]
      },
      {
        "id": 35,
        "text": "Who wrote 'Romeo and Juliet'?",
        "choices": [
          {
            "id": 108,
            "text": "Charles Dickens",
            "is_correct": false
          },
          {
            "id": 109,
            "text": "William Shakespeare",
            "is_correct": true
          },
          {
            "id": 110,
            "text": "Mark Twain",
            "is_correct": false
          },
          {
            "id": 111,
            "text": "Leo Tolstoy",
            "is_correct": false
          }
        ]
      },
      {
        "id": 36,
        "text": "What is the boiling point of water at sea level (°C)?",
        "choices": [
          {
            "id": 112,
            "text": "90",
            "is_correct": false
          },
          {
            "id": 113,
            "text": "100",
            "is_correct": true
          },
          {
            "id": 114,
            "text": "120",
            "is_correct": false
          },
          {
            "id": 115,
            "text": "80",
            "is_correct": false
          }
        ]
      },
      {
        "id": 37,
        "text": "Which organ pumps blood through the body?",
        "choices": [
          {
            "id": 116,
            "text": "Lungs",
            "is_correct": false
          },
          {
            "id": 117,
            "text": "Kidney",
            "is_correct": false
          },
          {
            "id": 118,
            "text": "Heart",
            "is_correct": true
          },
          {
            "id": 119,
            "text": "Liver",
            "is_correct": false
          }
        ]
      },
      {
        "id": 38,
        "text": "Which gas do plants absorb from the atmosphere?",
        "choices": [
          {
            "id": 120,
            "text": "Oxygen",
            "is_correct": false
          },
          {
            "id": 121,
            "text": "Carbon Dioxide",
            "is_correct": true
          },
          {
            "id": 122,
            "text": "Nitrogen",
            "is_correct": false
          },
          {
            "id": 123,
            "text": "Hydrogen",
            "is_correct": false
          }
        ]
      },
      {
        "id": 39,
        "text": "How many colours are there in a rainbow?",
        "choices": [
          {
            "id": 124,
            "text": "Five",
            "is_correct": false
          },
          {
            "id": 125,
            "text": "Six",
            "is_correct": false
          },
          {
            "id": 126,
            "text": "Seven",
            "is_correct": true
          },
          {
            "id": 127,
            "text": "Eight",
            "is_correct": false
          }
        ]
      },
      {
        "id": 40,
        "text": "Who was the first Prime Minister of India?",
        "choices": [
          {
            "id": 128,
            "text": "Mahatma Gandhi",
            "is_correct": false
          },
          {
            "id": 129,
            "text": "Jawaharlal Nehru",
            "is_correct": true
          },
          {
            "id": 130,
            "text": "Sardar Vallabhbhai Patel",
            "is_correct": false
          },
          {
            "id": 131,
            "text": "Indira Gandhi",
            "is_correct": false
          }
        ]
      },
      {
        "id": 41,
        "text": "Which is the largest mammal on Earth?",
        "choices": [
          {
            "id": 132,
            "text": "Elephant",
            "is_correct": false
          },
          {
            "id": 133,
            "text": "Blue Whale",
            "is_correct": true
          },
          {
            "id": 134,
            "text": "Giraffe",
            "is_correct": false
          },
          {
            "id": 135,
            "text": "Orca",
            "is_correct": false
          }
        ]
      }
    ]
  }
]